,TIME OF DAY,NORMALIZED AFFECTED
0,Night,0.5254671204016427
1,Morning,0.25328099282477295
2,Afternoon,0.38439257503917146
3,Evening,0.374268956857537
